Taxon group,Species Name,Common Name,grid,location,date,count,note,Status,Easting,Northing
terrestrial mammal,Pipistrellus nathusii,Nathusius's Pipistrelle,ST80546164,"Bradford Rugby Football Club, Ashley Lane, Winsley, Bradford-on-Avon",01/08/2018,Bat site: not roost,"Comment: Quantity: Present, Status: Flying over [Unverified Record]","County, HabRegs2, HSD4, RLGB.Lr(NT), WCA5/9.4c",380540,161640
terrestrial mammal,Pipistrellus nathusii,Nathusius's Pipistrelle,ST825615,Bradford on Avon,10/09/2007,Bat site: Not roost,In old orchard  Poss Nathusius pipistrelle 35khz.  [Unverified Record],"County, HabRegs2, HSD4, RLGB.Lr(NT), WCA5/9.4c",382500,161500
terrestrial mammal,Pipistrellus nathusii,Nathusius's Pipistrelle,ST833613,Woolley Street,27/08/2007,1 Count ; Bat site: Not roost,In garden to west of house.  [Unverified Record],"County, HabRegs2, HSD4, RLGB.Lr(NT), WCA5/9.4c",383300,161300
terrestrial mammal,Pipistrellus nathusii,Nathusius's Pipistrelle,ST835544,"Pole's Hole Farm, Wesley Lane, Southwick",05/07/2016,Bat site: Not roost,1 pass recorded using an Anabat SD2 detector  [Unverified Record],"County, HabRegs2, HSD4, RLGB.Lr(NT), WCA5/9.4c",383500,154400
terrestrial mammal,Pipistrellus nathusii,Nathusius's Pipistrelle,ST838548,"Pole's Hole Farm, Wesley Lane, Southwick",16/06/2016,Bat site: Not roost,3 passes recorded using an Anabat SD2 detector  [Unverified Record],"County, HabRegs2, HSD4, RLGB.Lr(NT), WCA5/9.4c",383800,154800
terrestrial mammal,Pipistrellus nathusii,Nathusius's Pipistrelle,ST844500,Dilton Marsh,21/09/2016,1 Count ; Bat site: Not roost,One pass on transect survey [Unverified Record],"County, HabRegs2, HSD4, RLGB.Lr(NT), WCA5/9.4c",384400,150000
terrestrial mammal,Pipistrellus nathusii,Nathusius's Pipistrelle,ST844500,Dilton Marsh,22/09/2016,1 Count ; Bat site: Not roost,One pass on transect survey [Unverified Record],"County, HabRegs2, HSD4, RLGB.Lr(NT), WCA5/9.4c",384400,150000
terrestrial mammal,Pipistrellus nathusii,Nathusius's Pipistrelle,ST844500,Dilton Marsh,23/09/2016,1 Count ; Bat site: Not roost,One pass on transect survey [Unverified Record],"County, HabRegs2, HSD4, RLGB.Lr(NT), WCA5/9.4c",384400,150000
terrestrial mammal,Pipistrellus nathusii,Nathusius's Pipistrelle,ST8445968813,"Artificial bat cave, Spring Park, Westwells Road, Hawthorn, Corsham, Wilts",01/08/2014,Bat site: Not Roost,Activity recorded in Autumn but not Spring and not Summer [Unverified Record],"County, HabRegs2, HSD4, RLGB.Lr(NT), WCA5/9.4c",384459,168813
terrestrial mammal,Pipistrellus nathusii,Nathusius's Pipistrelle,ST8453355786,Southwick Court Farm,24/06/2021,1 Count ; Bat site: not roost,"Walked survey with EM Touch; ID confirmed manually by county recorder, Myotis ID supported by BTO Acoustic Pipeline (p>0.6); time stamp = 23:01:55 [Unverified Record]","County, HabRegs2, HSD4, RLGB.Lr(NT), WCA5/9.4c",384533,155786
terrestrial mammal,Pipistrellus nathusii,Nathusius's Pipistrelle,ST846691,"MoD Rudloe No.2 site, Westwells Road, Rudloe",01/04/2014,1 Count ; Bat site: Not roost,"1 pass at location 1 of automated survey, using Wildlife Acoustic Song Meter 2 detectors & Analook/Batsound software  [Unverified Record]","County, HabRegs2, HSD4, RLGB.Lr(NT), WCA5/9.4c",384600,169100
terrestrial mammal,Pipistrellus nathusii,Nathusius's Pipistrelle,ST846691,"MoD Rudloe No.2 site, Westwells Road, Rudloe",01/10/2014,1 Count ; Bat site: Not roost,"1 pass at location 2 of automated survey, using Wildlife Acoustic Song Meter 2 detectors & Analook/Batsound software  [Unverified Record]","County, HabRegs2, HSD4, RLGB.Lr(NT), WCA5/9.4c",384600,169100
terrestrial mammal,Pipistrellus nathusii,Nathusius's Pipistrelle,ST8468668776,"Spring Park, Corsham",01/06/2016,1+ Count ; Bat site: Not roost, [Unverified Record],"County, HabRegs2, HSD4, RLGB.Lr(NT), WCA5/9.4c",384686,168776
terrestrial mammal,Pipistrellus nathusii,Nathusius's Pipistrelle,ST8553059223,"NCN4 cycle path, Langford Road, Trowbridge",01/04/2022,1 Count ; Bat site: Not roost,Total number of bat registrations recorded: 1 / Automated Detector Survey: 5 nights of bat detector recording; Full spectrum Anabat Swift bat detectors; The automated surveys were programmed to start 30 minutes before sunset and to end 30 minutes after sunrise. [Unverified Record],"County, HabRegs2, HSD4, RLGB.Lr(NT), WCA5/9.4c",385530,159223
terrestrial mammal,Pipistrellus nathusii,Nathusius's Pipistrelle,ST860631,Great Chalfield,11/06/2010,1+ Count,72 passes [Unverified Record],"County, HabRegs2, HSD4, RLGB.Lr(NT), WCA5/9.4c",386000,163100
terrestrial mammal,Pipistrellus nathusii,Nathusius's Pipistrelle,ST860631,Great Chalfield,26/06/2010,1+ Count,3 passes [Unverified Record],"County, HabRegs2, HSD4, RLGB.Lr(NT), WCA5/9.4c",386000,163100
terrestrial mammal,Pipistrellus nathusii,Nathusius's Pipistrelle,ST861631,Great Chalfield,11/07/2010,1+ Count,117 passes [Unverified Record],"County, HabRegs2, HSD4, RLGB.Lr(NT), WCA5/9.4c",386100,163100
terrestrial mammal,Pipistrellus nathusii,Nathusius's Pipistrelle,ST861631,Great Chalfield,26/07/2010,1+ Count,4 passes [Unverified Record],"County, HabRegs2, HSD4, RLGB.Lr(NT), WCA5/9.4c",386100,163100
terrestrial mammal,Pipistrellus nathusii,Nathusius's Pipistrelle,ST862689,"Leafield Industrial Estate, Corsham SN13",19/01/2019,1 juvenile Count of Male ; Bat site: Not Roost, [Unverified Record],"County, HabRegs2, HSD4, RLGB.Lr(NT), WCA5/9.4c",386200,168900
terrestrial mammal,Pipistrellus nathusii,Nathusius's Pipistrelle,ST863527,"Glenmore Farm, Westbury",20/04/2020,1 Count ; Bat site: Not Roost,"1 files of 12,359 over 6 nights (across six SM2/SM4 detectors. Analysed manually using analook/bat explorer) [Unverified Record]","County, HabRegs2, HSD4, RLGB.Lr(NT), WCA5/9.4c",386300,152700
terrestrial mammal,Pipistrellus nathusii,Nathusius's Pipistrelle,ST863527,"Glenmore Farm, Westbury",22/05/2020,1+ Count ; Bat site: Not Roost,"4 files of total 18,039 over 10 nights (across six SM2/Sm4 detectors. Analysed manually using analook/Bat explorer( [Unverified Record]","County, HabRegs2, HSD4, RLGB.Lr(NT), WCA5/9.4c",386300,152700
terrestrial mammal,Pipistrellus nathusii,Nathusius's Pipistrelle,ST864564,"Drynham Lane, North Bradley",03/10/2013,1 Count ; Bat site: Not roost,1 bat registration; Anabat SD2 & Song-meter 2 detectors  [Unverified Record],"County, HabRegs2, HSD4, RLGB.Lr(NT), WCA5/9.4c",386400,156400
terrestrial mammal,Pipistrellus nathusii,Nathusius's Pipistrelle,ST8655,"Ashton Park development site, Trowbridge, southern transect",11/06/2013,1+ Count ; Bat site: Not roost,"2 passes; dusk survey; Anabat SD2, Echometer EM3 & BatBox Duet detectors  [Unverified Record] [GR imprecisely recorded]","County, HabRegs2, HSD4, RLGB.Lr(NT), WCA5/9.4c",386000,155000
terrestrial mammal,Pipistrellus nathusii,Nathusius's Pipistrelle,ST866552,"River Biss, Yarnbrook",05/08/2013,1+ Count ; Bat site: Not roost,2 bat registrations; Anabat SD2 & Song-meter 2 detectors  [Unverified Record],"County, HabRegs2, HSD4, RLGB.Lr(NT), WCA5/9.4c",386600,155200
terrestrial mammal,Pipistrellus nathusii,Nathusius's Pipistrelle,ST866552,"River Biss, Yarnbrook",03/10/2013,1 Count ; Bat site: Not roost,1 bat registration; Anabat SD2 & Song-meter 2 detectors  [Unverified Record],"County, HabRegs2, HSD4, RLGB.Lr(NT), WCA5/9.4c",386600,155200
terrestrial mammal,Pipistrellus nathusii,Nathusius's Pipistrelle,ST868553,"nr Homefield Farm, Yarnbrook",20/09/2013,1+ Count ; Bat site: Not roost,2 bat registrations; Anabat SD2 & Song-meter 2 detectors  [Unverified Record],"County, HabRegs2, HSD4, RLGB.Lr(NT), WCA5/9.4c",386800,155300
terrestrial mammal,Pipistrellus nathusii,Nathusius's Pipistrelle,ST8697662426,"Land off Melksham Road, Holt, Wiltshire",01/07/2014,Bat site: Not roost, [Unverified Record],"County, HabRegs2, HSD4, RLGB.Lr(NT), WCA5/9.4c",386976,162426
terrestrial mammal,Pipistrellus nathusii,Nathusius's Pipistrelle,ST872565,"Biss Barn, West Ashton Road, West Ashton",20/09/2013,1 Count ; Bat site: Not roost,1 bat registration; Anabat SD2 & Song-meter 2 detectors  [Unverified Record],"County, HabRegs2, HSD4, RLGB.Lr(NT), WCA5/9.4c",387200,156500
terrestrial mammal,Pipistrellus nathusii,Nathusius's Pipistrelle,ST873274,"Whitebridge Farm, Semley, Wiltshire, SP7",19/04/2018,1+ Count ; Bat site: Not Roost, [Unverified Record],"County, HabRegs2, HSD4, RLGB.Lr(NT), WCA5/9.4c",387300,127400
terrestrial mammal,Pipistrellus nathusii,Nathusius's Pipistrelle,ST873274,"Whitebridge Farm, Semley, Wiltshire, SP7",02/09/2018,1+ Count ; Bat site: Not Roost,EMT2 [Unverified Record],"County, HabRegs2, HSD4, RLGB.Lr(NT), WCA5/9.4c",387300,127400
terrestrial mammal,Pipistrellus nathusii,Nathusius's Pipistrelle,ST873274,"Whitebridge Farm, Semley",02/09/2018,1 Count of Adult ; Bat site: not roost,Single pass recorded on EMT2 pro at 2036hrs / Survey: iRecord | iRecord App [Unverified Record],"County, HabRegs2, HSD4, RLGB.Lr(NT), WCA5/9.4c",387300,127400
terrestrial mammal,Pipistrellus nathusii,Nathusius's Pipistrelle,ST873274,"Whitebridge Farm, Semley, Wiltshire, SP7",30/03/2019,1+ Count ; Bat site: not roost,"EMT2pro Detector, From sunset for 1.5 hours, single passes [Unverified Record]","County, HabRegs2, HSD4, RLGB.Lr(NT), WCA5/9.4c",387300,127400
terrestrial mammal,Pipistrellus nathusii,Nathusius's Pipistrelle,ST873274,"Whitebridge Farm, Semley, Wiltshire, SP7",08/04/2019,1+ Count ; Bat site: not roost,"EMT2pro Detector, From sunset for 1.5 hours, single passes [Unverified Record]","County, HabRegs2, HSD4, RLGB.Lr(NT), WCA5/9.4c",387300,127400
terrestrial mammal,Pipistrellus nathusii,Nathusius's Pipistrelle,ST873274,"Whitebridge Farm, Semley, Wiltshire, SP7",21/04/2019,1+ Count ; Bat site: not roost,"EMT2pro Detector, From sunset for 1.5 hours, single passes [Unverified Record]","County, HabRegs2, HSD4, RLGB.Lr(NT), WCA5/9.4c",387300,127400
terrestrial mammal,Pipistrellus nathusii,Nathusius's Pipistrelle,ST873558,"Ashton Hill Farm, West Ashton",12/07/2013,1 Count ; Bat site: Not roost,1 bat registration; Anabat SD2 & Song-meter 2 detectors  [Unverified Record],"County, HabRegs2, HSD4, RLGB.Lr(NT), WCA5/9.4c",387300,155800
terrestrial mammal,Pipistrellus nathusii,Nathusius's Pipistrelle,ST873558,"Ashton Hill Farm, West Ashton",03/10/2013,1 Count ; Bat site: Not roost,1 bat registration; Anabat SD2 & Song-meter 2 detectors  [Unverified Record],"County, HabRegs2, HSD4, RLGB.Lr(NT), WCA5/9.4c",387300,155800
terrestrial mammal,Pipistrellus nathusii,Nathusius's Pipistrelle,ST8743144114,Warminster,07/07/2019,1+ Count ; Bat site: Not Roost,"EchoMeter Touch II, ID confirmed by county recorder; time stamp = 22:01:33 [Unverified Record]","County, HabRegs2, HSD4, RLGB.Lr(NT), WCA5/9.4c",387431,144114
terrestrial mammal,Pipistrellus nathusii,Nathusius's Pipistrelle,ST8756,"Ashton Park development site, Trowbridge, eastern transect",08/07/2013,1 Count ; Bat site: Not roost,"1 pass; dusk survey; Anabat SD2, Echometer EM3 & BatBox Duet detectors  [Unverified Record] [GR imprecisely recorded]","County, HabRegs2, HSD4, RLGB.Lr(NT), WCA5/9.4c",387000,156000
terrestrial mammal,Pipistrellus nathusii,Nathusius's Pipistrelle,ST8768344273,Smallbrook Meadows WWT Reserve,01/09/2018,1+ Count ; Bat site: not roost,12 nights of static detector deployment (SM4BAT+); 1 passes of 588 bat passes. [Unverified Record],"County, HabRegs2, HSD4, RLGB.Lr(NT), WCA5/9.4c",387683,144273
terrestrial mammal,Pipistrellus nathusii,Nathusius's Pipistrelle,ST8820144233,Warminster,06/05/2019,1+ Count ; Bat site: not roost,Detector Survey; EchoMeter Touch II; ID confirmed by county recorder; time stamp: 21:51:48 [Unverified Record],"County, HabRegs2, HSD4, RLGB.Lr(NT), WCA5/9.4c",388201,144233
terrestrial mammal,Pipistrellus nathusii,Nathusius's Pipistrelle,ST885509,Beggars Knoll Wood,06/06/2006,Bat site: Undetermined,Badger consultancy record. Unconfirmed. [Unverified Record],"County, HabRegs2, HSD4, RLGB.Lr(NT), WCA5/9.4c",388500,150900
terrestrial mammal,Pipistrellus nathusii,Nathusius's Pipistrelle,ST8988762444,"Berryfield Lane, Melksham",06/10/2022,Bat site: not roost,"Automated static bat detector surveys, using a combination of Anabat Swifts and Songmeter Mini bat detectors and analysed using Kaleidoscope. [Unverified Record]","County, HabRegs2, HSD4, RLGB.Lr(NT), WCA5/9.4c",389887,162444
terrestrial mammal,Pipistrellus nathusii,Nathusius's Pipistrelle,ST914750,Chippenham,10/09/2020,Bat site: not roost,Static Detector Survey [Unverified Record],"County, HabRegs2, HSD4, RLGB.Lr(NT), WCA5/9.4c",391400,175000
terrestrial mammal,Pipistrellus nathusii,Nathusius's Pipistrelle,ST9189830661,Fonthill Abbey - The Lake,13/05/2021,1+ Count ; Bat site: not roost,ID via BTO Acoustic Pipeline (low confidence IDs of Probability <0.60 excluded); manually checked 10-15% of files; 6 passes of 1340 bat passes [Unverified Record],"County, HabRegs2, HSD4, RLGB.Lr(NT), WCA5/9.4c",391898,130661
terrestrial mammal,Pipistrellus nathusii,Nathusius's Pipistrelle,ST928614,Kennet & Avon Canal ; Seend to Devizes,04/09/2014,1 Count ; Bat site: Not Roost,Bats On Bikes Survey with Anabat SD1 with BatNav GPS attachment. [Unverified Record],"County, HabRegs2, HSD4, RLGB.Lr(NT), WCA5/9.4c",392800,161400
terrestrial mammal,Pipistrellus nathusii,Nathusius's Pipistrelle,ST938718,"Forest Farm potential development site, Pewsham, Chippenham",01/06/2014,1+ Count ; Bat site: Not roost, [Unverified Record],"County, HabRegs2, HSD4, RLGB.Lr(NT), WCA5/9.4c",393800,171800
terrestrial mammal,Pipistrellus nathusii,Nathusius's Pipistrelle,ST9624919654,"Rushmore Estate, Tollard Royal",03/07/2015,1+ Count ; Bat site: not roost,"Summarised static detector data, see Alder et al 2021: Irregular silviculture positively influences multiple bat species in a lowland temperate broadleaf woodland. https://doi.org/10.1016/j.foreco.2020.118786 [Unverified Record]","County, HabRegs2, HSD4, RLGB.Lr(NT), WCA5/9.4c",396249,119654
terrestrial mammal,Pipistrellus nathusii,Nathusius's Pipistrelle,ST9624919654,"Rushmore Estate, Tollard Royal",04/07/2015,1+ Count ; Bat site: not roost,"Summarised static detector data, see Alder et al 2021: Irregular silviculture positively influences multiple bat species in a lowland temperate broadleaf woodland. https://doi.org/10.1016/j.foreco.2020.118786 [Unverified Record]","County, HabRegs2, HSD4, RLGB.Lr(NT), WCA5/9.4c",396249,119654
terrestrial mammal,Pipistrellus nathusii,Nathusius's Pipistrelle,ST9666918157,"Rushmore Estate, Tollard Royal",21/07/2015,1+ Count ; Bat site: not roost,"Summarised static detector data, see Alder et al 2021: Irregular silviculture positively influences multiple bat species in a lowland temperate broadleaf woodland. https://doi.org/10.1016/j.foreco.2020.118786 [Unverified Record]","County, HabRegs2, HSD4, RLGB.Lr(NT), WCA5/9.4c",396669,118157
terrestrial mammal,Pipistrellus nathusii,Nathusius's Pipistrelle,ST9695420254,"Rushmore Estate, Tollard Royal",09/08/2015,1+ Count ; Bat site: not roost,"Summarised static detector data, see Alder et al 2021: Irregular silviculture positively influences multiple bat species in a lowland temperate broadleaf woodland. https://doi.org/10.1016/j.foreco.2020.118786 [Unverified Record]","County, HabRegs2, HSD4, RLGB.Lr(NT), WCA5/9.4c",396954,120254
terrestrial mammal,Pipistrellus nathusii,Nathusius's Pipistrelle,ST9695420254,"Rushmore Estate, Tollard Royal",10/08/2015,1+ Count ; Bat site: not roost,"Summarised static detector data, see Alder et al 2021: Irregular silviculture positively influences multiple bat species in a lowland temperate broadleaf woodland. https://doi.org/10.1016/j.foreco.2020.118786 [Unverified Record]","County, HabRegs2, HSD4, RLGB.Lr(NT), WCA5/9.4c",396954,120254
terrestrial mammal,Pipistrellus nathusii,Nathusius's Pipistrelle,ST9705118057,"Rushmore Estate, Tollard Royal",30/06/2015,1+ Count ; Bat site: not roost,"Summarised static detector data, see Alder et al 2021: Irregular silviculture positively influences multiple bat species in a lowland temperate broadleaf woodland. https://doi.org/10.1016/j.foreco.2020.118786 [Unverified Record]","County, HabRegs2, HSD4, RLGB.Lr(NT), WCA5/9.4c",397051,118057
terrestrial mammal,Pipistrellus nathusii,Nathusius's Pipistrelle,ST97856340,Rowdeford School,01/05/2019,1 Count ; Bat site: Not roost,Batlogger C; Total recordings for this species during the survey: 1  [Unverified Record],"County, HabRegs2, HSD4, RLGB.Lr(NT), WCA5/9.4c",397850,163400
terrestrial mammal,Pipistrellus nathusii,Nathusius's Pipistrelle,ST9796130882,"Teffont Estate, Chilmark bridleway",13/07/2021,1+ Count ; Bat site: not roost,Chilmark Static Loc4: analysed using BTO Acoustic Pipeline with manual confirmation of key species; 2 passes of 463 bat passes [Unverified Record],"County, HabRegs2, HSD4, RLGB.Lr(NT), WCA5/9.4c",397961,130882
terrestrial mammal,Pipistrellus nathusii,Nathusius's Pipistrelle,ST9987461820,"Braeside Education Centre, Bath Road, Devizes",15/09/2014,1+ Count ; Bat site: Not roost,"Bat recorded during dawn survey with Anabat. Confirmed by Dr Jon Russ, national expert. [Unverified Record]","County, HabRegs2, HSD4, RLGB.Lr(NT), WCA5/9.4c",399874,161820
terrestrial mammal,Pipistrellus nathusii,Nathusius's Pipistrelle,SU010948,Cotswold Water Park Pit 55/55a,28/09/2009,1+ Count ; Bat site: Not roost,Anabat Survey: 3 files of a total of 873 bat files [Unverified Record],"County, HabRegs2, HSD4, RLGB.Lr(NT), WCA5/9.4c",401000,194800
terrestrial mammal,Pipistrellus nathusii,Nathusius's Pipistrelle,SU010948,Cotswold Water Park Pit 55/55a,29/09/2009,1+ Count ; Bat site: Not roost,Anabat Survey: 2 files of a total of 1085 bat files [Unverified Record],"County, HabRegs2, HSD4, RLGB.Lr(NT), WCA5/9.4c",401000,194800
terrestrial mammal,Pipistrellus nathusii,Nathusius's Pipistrelle,SU01499436,Cotswold Water Park Pit 49,15/06/2011,1+ Count ; Bat site: Not roost,Overnight Anabat survey: 4 file of a total of 587 bat files [Unverified Record],"County, HabRegs2, HSD4, RLGB.Lr(NT), WCA5/9.4c",401490,194360
terrestrial mammal,Pipistrellus nathusii,Nathusius's Pipistrelle,SU017564,"The Studio, West Wood",19/04/2019,1+ Count ; Bat site: Not Roost,overnight static detector; 1 passes of 569 bat passes [Unverified Record],"County, HabRegs2, HSD4, RLGB.Lr(NT), WCA5/9.4c",401700,156400
terrestrial mammal,Pipistrellus nathusii,Nathusius's Pipistrelle,SU017564,"The Studio, West Wood",22/04/2019,1+ Count ; Bat site: Not Roost,overnight static detector; 2 passes of 537 bat passes [Unverified Record],"County, HabRegs2, HSD4, RLGB.Lr(NT), WCA5/9.4c",401700,156400
terrestrial mammal,Pipistrellus nathusii,Nathusius's Pipistrelle,SU017564,"The Studio, West Wood",21/04/2020,1+ Count ; Bat site: Not Roost,Overnight static detector - 2 passes [Unverified Record],"County, HabRegs2, HSD4, RLGB.Lr(NT), WCA5/9.4c",401700,156400
terrestrial mammal,Pipistrellus nathusii,Nathusius's Pipistrelle,SU017564,"The Studio, West Wood",22/04/2020,1+ Count ; Bat site: Not Roost,Overnight static detector - 1 passes [Unverified Record],"County, HabRegs2, HSD4, RLGB.Lr(NT), WCA5/9.4c",401700,156400
terrestrial mammal,Pipistrellus nathusii,Nathusius's Pipistrelle,SU019936,Swillbrook Lakes Reserve (CWP 46/48),03/04/2009,1+ Count ; Bat site: Not roost,15+ recordings of Nathusius Pips. Verified by Dani Linton [Unverified Record],"County, HabRegs2, HSD4, RLGB.Lr(NT), WCA5/9.4c",401900,193600
terrestrial mammal,Pipistrellus nathusii,Nathusius's Pipistrelle,SU019936,Swillbrook Lakes Reserve (CWP 46/48),09/07/2010,1+ Count ; Bat site: Not roost,Anabat Survey: 2 files of a total of 1529 bat files [Unverified Record],"County, HabRegs2, HSD4, RLGB.Lr(NT), WCA5/9.4c",401900,193600
terrestrial mammal,Pipistrellus nathusii,Nathusius's Pipistrelle,SU0203751583,"SPTA-C, Brazen Bottom Farm",26/04/2021,1+ Count ; Bat site: not roost,1 week static detector; ID via BTO Acoustic Pipeline & manual confirmation; 2 files of total of 2 bat files [Unverified Record],"County, HabRegs2, HSD4, RLGB.Lr(NT), WCA5/9.4c",402037,151583
terrestrial mammal,Pipistrellus nathusii,Nathusius's Pipistrelle,SU023945,"The Mill, Lower Mill Estate",30/05/2008,1+ Count ; Bat site: Not roost,2 recordings (of total 320 files) [Unverified Record],"County, HabRegs2, HSD4, RLGB.Lr(NT), WCA5/9.4c",402300,194500
terrestrial mammal,Pipistrellus nathusii,Nathusius's Pipistrelle,SU026259,"Gurston Farm, Fifield Bavant",14/05/2017,1+ Count ; Bat site: Not Roost,GWCT Agri-Bats Project; overnight static detector . 1 passes of a total of 3 bat passes [Unverified Record],"County, HabRegs2, HSD4, RLGB.Lr(NT), WCA5/9.4c",402600,125900
terrestrial mammal,Pipistrellus nathusii,Nathusius's Pipistrelle,SU0354295681,"Cotswold Community, Ashton Keynes",01/05/2014,1+ Count ; Bat site: Not roost, [Unverified Record],"County, HabRegs2, HSD4, RLGB.Lr(NT), WCA5/9.4c",403542,195681
terrestrial mammal,Pipistrellus nathusii,Nathusius's Pipistrelle,SU0391336855,Langford Lakes WWT Reserve,29/08/2021,1 Count ; Bat site: not roost,Transect of north lake & river corridor [Unverified Record],"County, HabRegs2, HSD4, RLGB.Lr(NT), WCA5/9.4c",403913,136855
terrestrial mammal,Pipistrellus nathusii,Nathusius's Pipistrelle,SU0407436880,Langford Lakes WWT Reserve ; Brockbank Lake,16/07/2021,1+ Count ; Bat site: not roost,ID via BTO Acoustic Pipeline (low confidence IDs of Probability <0.60 excluded); manually checked 10-15% of files; 1 passes of 2055 bat passes [Unverified Record],"County, HabRegs2, HSD4, RLGB.Lr(NT), WCA5/9.4c",404074,136880
terrestrial mammal,Pipistrellus nathusii,Nathusius's Pipistrelle,SU0407436880,Langford Lakes WWT Reserve ; Brockbank Lake,18/07/2021,1+ Count ; Bat site: not roost,ID via BTO Acoustic Pipeline (low confidence IDs of Probability <0.60 excluded); manually checked 10-15% of files; 2 passes of 2667 bat passes [Unverified Record],"County, HabRegs2, HSD4, RLGB.Lr(NT), WCA5/9.4c",404074,136880
terrestrial mammal,Pipistrellus nathusii,Nathusius's Pipistrelle,SU0426137057,Langford Lakes WWT Reserve,29/08/2021,1 Count ; Bat site: not roost,Transect of north lake & river corridor [Unverified Record],"County, HabRegs2, HSD4, RLGB.Lr(NT), WCA5/9.4c",404261,137057
terrestrial mammal,Pipistrellus nathusii,Nathusius's Pipistrelle,SU0441236871,Langford Lakes WWT Reserve ; Great Meadow,18/07/2021,1+ Count ; Bat site: not roost,ID via BTO Acoustic Pipeline (low confidence IDs of Probability <0.60 excluded); manually checked 10-15% of files; 1 passes of 224 bat passes [Unverified Record],"County, HabRegs2, HSD4, RLGB.Lr(NT), WCA5/9.4c",404412,136871
terrestrial mammal,Pipistrellus nathusii,Nathusius's Pipistrelle,SU0441236871,Langford Lakes WWT Reserve ; Great Meadow,22/07/2021,1+ Count ; Bat site: not roost,ID via BTO Acoustic Pipeline (low confidence IDs of Probability <0.60 excluded); manually checked 10-15% of files; 1 passes of 235 bat passes [Unverified Record],"County, HabRegs2, HSD4, RLGB.Lr(NT), WCA5/9.4c",404412,136871
terrestrial mammal,Pipistrellus nathusii,Nathusius's Pipistrelle,SU0472793734,"High Road, Ashton Keynes",15/08/2021,1+ Count ; Bat site: not roost,1 week static detector deployment (SM Mini-BAT); ID via BTO Acoustic Pipeline (low confidence IDs of Probability <0.60 excluded); manually checked all files; 5 passes [Unverified Record],"County, HabRegs2, HSD4, RLGB.Lr(NT), WCA5/9.4c",404727,193734
terrestrial mammal,Pipistrellus nathusii,Nathusius's Pipistrelle,SU0472793734,"High Road, Ashton Keynes",16/08/2021,1+ Count ; Bat site: not roost,1 week static detector deployment (SM Mini-BAT); ID via BTO Acoustic Pipeline (low confidence IDs of Probability <0.60 excluded); manually checked all files; 2 passes [Unverified Record],"County, HabRegs2, HSD4, RLGB.Lr(NT), WCA5/9.4c",404727,193734
terrestrial mammal,Pipistrellus nathusii,Nathusius's Pipistrelle,SU0472793734,"High Road, Ashton Keynes",17/08/2021,1+ Count ; Bat site: not roost,1 week static detector deployment (SM Mini-BAT); ID via BTO Acoustic Pipeline (low confidence IDs of Probability <0.60 excluded); manually checked all files; 9 passes [Unverified Record],"County, HabRegs2, HSD4, RLGB.Lr(NT), WCA5/9.4c",404727,193734
terrestrial mammal,Pipistrellus nathusii,Nathusius's Pipistrelle,SU0472793734,"High Road, Ashton Keynes",18/08/2021,1+ Count ; Bat site: not roost,1 week static detector deployment (SM Mini-BAT); ID via BTO Acoustic Pipeline (low confidence IDs of Probability <0.60 excluded); manually checked all files; 4 passes [Unverified Record],"County, HabRegs2, HSD4, RLGB.Lr(NT), WCA5/9.4c",404727,193734
terrestrial mammal,Pipistrellus nathusii,Nathusius's Pipistrelle,SU0472793734,"High Road, Ashton Keynes",20/08/2021,1+ Count ; Bat site: not roost,1 week static detector deployment (SM Mini-BAT); ID via BTO Acoustic Pipeline (low confidence IDs of Probability <0.60 excluded); manually checked all files; 15 passes [Unverified Record],"County, HabRegs2, HSD4, RLGB.Lr(NT), WCA5/9.4c",404727,193734
terrestrial mammal,Pipistrellus nathusii,Nathusius's Pipistrelle,SU0472793734,"High Road, Ashton Keynes",21/08/2021,1+ Count ; Bat site: not roost,1 week static detector deployment (SM Mini-BAT); ID via BTO Acoustic Pipeline (low confidence IDs of Probability <0.60 excluded); manually checked all files; 1 passes [Unverified Record],"County, HabRegs2, HSD4, RLGB.Lr(NT), WCA5/9.4c",404727,193734
terrestrial mammal,Pipistrellus nathusii,Nathusius's Pipistrelle,SU0674641357,nr Winterbourne Stoke,21/04/2017,1+ Count ; Bat site: Not Roost,1 pass [Unverified Record],"County, HabRegs2, HSD4, RLGB.Lr(NT), WCA5/9.4c",406746,141357
terrestrial mammal,Pipistrellus nathusii,Nathusius's Pipistrelle,SU067947,Cotswold Water Park Pit 74,02/10/2007,1 Count ; Bat site: Not roost,"suspected recorded, but not confirmed by recording [Unverified Record]","County, HabRegs2, HSD4, RLGB.Lr(NT), WCA5/9.4c",406700,194700
terrestrial mammal,Pipistrellus nathusii,Nathusius's Pipistrelle,SU067947,Cotswold Water Park Pit 74,07/10/2007,1 Count ; Bat site: Not roost,confirmed by recording. [Unverified Record],"County, HabRegs2, HSD4, RLGB.Lr(NT), WCA5/9.4c",406700,194700
terrestrial mammal,Pipistrellus nathusii,Nathusius's Pipistrelle,SU067947,Cotswold Water Park Pit 74,10/06/2008,1+ Count ; Bat site: Not roost,2 recordings (of total 836 file) [Unverified Record],"County, HabRegs2, HSD4, RLGB.Lr(NT), WCA5/9.4c",406700,194700
terrestrial mammal,Pipistrellus nathusii,Nathusius's Pipistrelle,SU067947,Cotswold Water Park Pit 74,11/06/2008,1 Count ; Bat site: Not roost,highly active following emergence [Unverified Record],"County, HabRegs2, HSD4, RLGB.Lr(NT), WCA5/9.4c",406700,194700
terrestrial mammal,Pipistrellus nathusii,Nathusius's Pipistrelle,SU067947,Cotswold Water Park Pit 74,11/06/2008,1+ Count ; Bat site: Not roost,1 recording (of total 312 files) [Unverified Record],"County, HabRegs2, HSD4, RLGB.Lr(NT), WCA5/9.4c",406700,194700
terrestrial mammal,Pipistrellus nathusii,Nathusius's Pipistrelle,SU067947,Cotswold Water Park Pit 74,15/09/2009,1 Count ; Bat site: Not roost,1 Anabat file [Unverified Record],"County, HabRegs2, HSD4, RLGB.Lr(NT), WCA5/9.4c",406700,194700
terrestrial mammal,Pipistrellus nathusii,Nathusius's Pipistrelle,SU067947,Cotswold Water Park Pit 74,17/09/2009,1 Count ; Bat site: Not roost,2 Anabat file [Unverified Record],"County, HabRegs2, HSD4, RLGB.Lr(NT), WCA5/9.4c",406700,194700
terrestrial mammal,Pipistrellus nathusii,Nathusius's Pipistrelle,SU067947,Cotswold Water Park Pit 74,18/09/2009,1 Count ; Bat site: Not roost,1 Anabat file [Unverified Record],"County, HabRegs2, HSD4, RLGB.Lr(NT), WCA5/9.4c",406700,194700
terrestrial mammal,Pipistrellus nathusii,Nathusius's Pipistrelle,SU067947,Cotswold Water Park Pit 74,19/09/2009,1 Count ; Bat site: Not roost,2 Anabat file [Unverified Record],"County, HabRegs2, HSD4, RLGB.Lr(NT), WCA5/9.4c",406700,194700
terrestrial mammal,Pipistrellus nathusii,Nathusius's Pipistrelle,SU067947,Cotswold Water Park Pit 74,20/09/2009,1 Count ; Bat site: Not roost,"2 Anabat file, also with social calls [Unverified Record]","County, HabRegs2, HSD4, RLGB.Lr(NT), WCA5/9.4c",406700,194700
terrestrial mammal,Pipistrellus nathusii,Nathusius's Pipistrelle,SU067947,Cotswold Water Park Pit 74,29/07/2010,1+ Count ; Bat site: Not roost,Anabat Survey: 2 files of a total of 2866 bat files [Unverified Record],"County, HabRegs2, HSD4, RLGB.Lr(NT), WCA5/9.4c",406700,194700
terrestrial mammal,Pipistrellus nathusii,Nathusius's Pipistrelle,SU067947,Cotswold Water Park Pit 74,09/10/2010,1+ Count ; Bat site: Not roost,2 hour Anabat survey during mist netting survey. Anabat Survey: 4 files of a total of 271 bat files [Unverified Record],"County, HabRegs2, HSD4, RLGB.Lr(NT), WCA5/9.4c",406700,194700
terrestrial mammal,Pipistrellus nathusii,Nathusius's Pipistrelle,SU067947,Cotswold Water Park Pit 74,07/08/2014,1+ Count ; Bat site: Not Roost,"North shore, 3 month passive monitoring. Overnight static survey with SM2, WAC data converted to ZCA files and analysed in Analook. 20 files of a total of 3322 bat files. [Unverified Record]","County, HabRegs2, HSD4, RLGB.Lr(NT), WCA5/9.4c",406700,194700
terrestrial mammal,Pipistrellus nathusii,Nathusius's Pipistrelle,SU067947,Cotswold Water Park Pit 74,09/08/2014,1+ Count ; Bat site: Not Roost,"North shore, 3 month passive monitoring. Overnight static survey with SM2, WAC data converted to ZCA files and analysed in Analook. 130 bat file. [Unverified Record]","County, HabRegs2, HSD4, RLGB.Lr(NT), WCA5/9.4c",406700,194700
terrestrial mammal,Pipistrellus nathusii,Nathusius's Pipistrelle,SU067947,Cotswold Water Park Pit 74,10/08/2014,1+ Count ; Bat site: Not Roost,"North shore, 3 month passive monitoring. Overnight static survey with SM2, WAC data converted to ZCA files and analysed in Analook. 4 bat file. [Unverified Record]","County, HabRegs2, HSD4, RLGB.Lr(NT), WCA5/9.4c",406700,194700
terrestrial mammal,Pipistrellus nathusii,Nathusius's Pipistrelle,SU067947,Cotswold Water Park Pit 74,11/08/2014,1+ Count ; Bat site: Not Roost,"North shore, 3 month passive monitoring. Overnight static survey with SM2, WAC data converted to ZCA files and analysed in Analook. 6 bat file. [Unverified Record]","County, HabRegs2, HSD4, RLGB.Lr(NT), WCA5/9.4c",406700,194700
terrestrial mammal,Pipistrellus nathusii,Nathusius's Pipistrelle,SU067947,Cotswold Water Park Pit 74,12/08/2014,1+ Count ; Bat site: Not Roost,"North shore, 3 month passive monitoring. Overnight static survey with SM2, WAC data converted to ZCA files and analysed in Analook. 6 bat file. [Unverified Record]","County, HabRegs2, HSD4, RLGB.Lr(NT), WCA5/9.4c",406700,194700
terrestrial mammal,Pipistrellus nathusii,Nathusius's Pipistrelle,SU067947,Cotswold Water Park Pit 74,13/08/2014,1+ Count ; Bat site: Not Roost,"North shore, 3 month passive monitoring. Overnight static survey with SM2, WAC data converted to ZCA files and analysed in Analook. 4 bat file. [Unverified Record]","County, HabRegs2, HSD4, RLGB.Lr(NT), WCA5/9.4c",406700,194700
terrestrial mammal,Pipistrellus nathusii,Nathusius's Pipistrelle,SU067947,Cotswold Water Park Pit 74,14/08/2014,1+ Count ; Bat site: Not Roost,"North shore, 3 month passive monitoring. Overnight static survey with SM2, WAC data converted to ZCA files and analysed in Analook. 2 bat file. [Unverified Record]","County, HabRegs2, HSD4, RLGB.Lr(NT), WCA5/9.4c",406700,194700
terrestrial mammal,Pipistrellus nathusii,Nathusius's Pipistrelle,SU067947,Cotswold Water Park Pit 74,15/08/2014,1+ Count ; Bat site: Not Roost,"North shore, 3 month passive monitoring. Overnight static survey with SM2, WAC data converted to ZCA files and analysed in Analook. 32 bat file. [Unverified Record]","County, HabRegs2, HSD4, RLGB.Lr(NT), WCA5/9.4c",406700,194700
terrestrial mammal,Pipistrellus nathusii,Nathusius's Pipistrelle,SU067947,Cotswold Water Park Pit 74,16/08/2014,1+ Count ; Bat site: Not Roost,"North shore, 3 month passive monitoring. Overnight static survey with SM2, WAC data converted to ZCA files and analysed in Analook. 5 bat file. [Unverified Record]","County, HabRegs2, HSD4, RLGB.Lr(NT), WCA5/9.4c",406700,194700
terrestrial mammal,Pipistrellus nathusii,Nathusius's Pipistrelle,SU067947,Cotswold Water Park Pit 74,17/08/2014,1+ Count ; Bat site: Not Roost,"North shore, 3 month passive monitoring. Overnight static survey with SM2, WAC data converted to ZCA files and analysed in Analook. 9 bat file. [Unverified Record]","County, HabRegs2, HSD4, RLGB.Lr(NT), WCA5/9.4c",406700,194700
terrestrial mammal,Pipistrellus nathusii,Nathusius's Pipistrelle,SU067947,Cotswold Water Park Pit 74,02/09/2014,1+ Count ; Bat site: Not Roost,"North shore, 3 month passive monitoring. Overnight static survey with SM2, WAC data converted to ZCA files and analysed in Analook. 21 bat file. [Unverified Record]","County, HabRegs2, HSD4, RLGB.Lr(NT), WCA5/9.4c",406700,194700
terrestrial mammal,Pipistrellus nathusii,Nathusius's Pipistrelle,SU067947,Cotswold Water Park Pit 74,03/09/2014,1+ Count ; Bat site: Not Roost,"North shore, 3 month passive monitoring. Overnight static survey with SM2, WAC data converted to ZCA files and analysed in Analook. 180 bat file. [Unverified Record]","County, HabRegs2, HSD4, RLGB.Lr(NT), WCA5/9.4c",406700,194700
terrestrial mammal,Pipistrellus nathusii,Nathusius's Pipistrelle,SU067947,Cotswold Water Park Pit 74,04/09/2014,1+ Count ; Bat site: Not Roost,"North shore, 3 month passive monitoring. Overnight static survey with SM2, WAC data converted to ZCA files and analysed in Analook. 59 bat file. [Unverified Record]","County, HabRegs2, HSD4, RLGB.Lr(NT), WCA5/9.4c",406700,194700
terrestrial mammal,Pipistrellus nathusii,Nathusius's Pipistrelle,SU067947,Cotswold Water Park Pit 74,05/09/2014,1+ Count ; Bat site: Not Roost,"North shore, 3 month passive monitoring. Overnight static survey with SM2, WAC data converted to ZCA files and analysed in Analook. 354 bat file. [Unverified Record]","County, HabRegs2, HSD4, RLGB.Lr(NT), WCA5/9.4c",406700,194700
terrestrial mammal,Pipistrellus nathusii,Nathusius's Pipistrelle,SU067947,Cotswold Water Park Pit 74,06/09/2014,1+ Count ; Bat site: Not Roost,"North shore, 3 month passive monitoring. Overnight static survey with SM2, WAC data converted to ZCA files and analysed in Analook. 80 bat file. [Unverified Record]","County, HabRegs2, HSD4, RLGB.Lr(NT), WCA5/9.4c",406700,194700
terrestrial mammal,Pipistrellus nathusii,Nathusius's Pipistrelle,SU067947,Cotswold Water Park Pit 74,07/09/2014,1+ Count ; Bat site: Not Roost,"North shore, 3 month passive monitoring. Overnight static survey with SM2, WAC data converted to ZCA files and analysed in Analook. 326 bat file. [Unverified Record]","County, HabRegs2, HSD4, RLGB.Lr(NT), WCA5/9.4c",406700,194700
terrestrial mammal,Pipistrellus nathusii,Nathusius's Pipistrelle,SU067947,Cotswold Water Park Pit 74,08/09/2014,1+ Count ; Bat site: Not Roost,"North shore, 3 month passive monitoring. Overnight static survey with SM2, WAC data converted to ZCA files and analysed in Analook. 458 bat file. [Unverified Record]","County, HabRegs2, HSD4, RLGB.Lr(NT), WCA5/9.4c",406700,194700
terrestrial mammal,Pipistrellus nathusii,Nathusius's Pipistrelle,SU067947,Cotswold Water Park Pit 74,09/09/2014,1+ Count ; Bat site: Not Roost,"North shore, 3 month passive monitoring. Overnight static survey with SM2, WAC data converted to ZCA files and analysed in Analook. 313 bat file. [Unverified Record]","County, HabRegs2, HSD4, RLGB.Lr(NT), WCA5/9.4c",406700,194700
terrestrial mammal,Pipistrellus nathusii,Nathusius's Pipistrelle,SU067947,Cotswold Water Park Pit 74,10/09/2014,1+ Count ; Bat site: Not Roost,"North shore, 3 month passive monitoring. Overnight static survey with SM2, WAC data converted to ZCA files and analysed in Analook. 211 bat file. [Unverified Record]","County, HabRegs2, HSD4, RLGB.Lr(NT), WCA5/9.4c",406700,194700
terrestrial mammal,Pipistrellus nathusii,Nathusius's Pipistrelle,SU067947,Cotswold Water Park Pit 74,20/09/2014,1+ Count ; Bat site: Not Roost,"North shore, 3 month passive monitoring. Overnight static survey with SM2, WAC data converted to ZCA files and analysed in Analook. Present but not counted. [Unverified Record]","County, HabRegs2, HSD4, RLGB.Lr(NT), WCA5/9.4c",406700,194700
terrestrial mammal,Pipistrellus nathusii,Nathusius's Pipistrelle,SU067947,Cotswold Water Park Pit 74,21/09/2014,1+ Count ; Bat site: Not Roost,"North shore, 3 month passive monitoring. Overnight static survey with SM2, WAC data converted to ZCA files and analysed in Analook. 41 bat file. [Unverified Record]","County, HabRegs2, HSD4, RLGB.Lr(NT), WCA5/9.4c",406700,194700
terrestrial mammal,Pipistrellus nathusii,Nathusius's Pipistrelle,SU067947,Cotswold Water Park Pit 74,22/09/2014,1+ Count ; Bat site: Not Roost,"North shore, 3 month passive monitoring. Overnight static survey with SM2, WAC data converted to ZCA files and analysed in Analook. 45 bat file. [Unverified Record]","County, HabRegs2, HSD4, RLGB.Lr(NT), WCA5/9.4c",406700,194700
terrestrial mammal,Pipistrellus nathusii,Nathusius's Pipistrelle,SU067947,Cotswold Water Park Pit 74,23/09/2014,1+ Count ; Bat site: Not Roost,"North shore, 3 month passive monitoring. Overnight static survey with SM2, WAC data converted to ZCA files and analysed in Analook. 49 bat file. [Unverified Record]","County, HabRegs2, HSD4, RLGB.Lr(NT), WCA5/9.4c",406700,194700
terrestrial mammal,Pipistrellus nathusii,Nathusius's Pipistrelle,SU067947,Cotswold Water Park Pit 74,24/09/2014,1+ Count ; Bat site: Not Roost,"North shore, 3 month passive monitoring. Overnight static survey with SM2, WAC data converted to ZCA files and analysed in Analook. 56 bat file. [Unverified Record]","County, HabRegs2, HSD4, RLGB.Lr(NT), WCA5/9.4c",406700,194700
terrestrial mammal,Pipistrellus nathusii,Nathusius's Pipistrelle,SU067947,Cotswold Water Park Pit 74,25/09/2014,1+ Count ; Bat site: Not Roost,"North shore, 3 month passive monitoring. Overnight static survey with SM2, WAC data converted to ZCA files and analysed in Analook. 11 bat file. [Unverified Record]","County, HabRegs2, HSD4, RLGB.Lr(NT), WCA5/9.4c",406700,194700
terrestrial mammal,Pipistrellus nathusii,Nathusius's Pipistrelle,SU067947,Cotswold Water Park Pit 74,26/09/2014,1+ Count ; Bat site: Not Roost,"North shore, 3 month passive monitoring. Overnight static survey with SM2, WAC data converted to ZCA files and analysed in Analook. 67 bat file. [Unverified Record]","County, HabRegs2, HSD4, RLGB.Lr(NT), WCA5/9.4c",406700,194700
terrestrial mammal,Pipistrellus nathusii,Nathusius's Pipistrelle,SU067947,Cotswold Water Park Pit 74,27/09/2014,1+ Count ; Bat site: Not Roost,"North shore, 3 month passive monitoring. Overnight static survey with SM2, WAC data converted to ZCA files and analysed in Analook. 325 bat file. [Unverified Record]","County, HabRegs2, HSD4, RLGB.Lr(NT), WCA5/9.4c",406700,194700
terrestrial mammal,Pipistrellus nathusii,Nathusius's Pipistrelle,SU067947,Cotswold Water Park Pit 74,28/09/2014,1+ Count ; Bat site: Not Roost,"North shore, 3 month passive monitoring. Overnight static survey with SM2, WAC data converted to ZCA files and analysed in Analook. 109 bat file. [Unverified Record]","County, HabRegs2, HSD4, RLGB.Lr(NT), WCA5/9.4c",406700,194700
terrestrial mammal,Pipistrellus nathusii,Nathusius's Pipistrelle,SU067947,Cotswold Water Park Pit 74,29/09/2014,1+ Count ; Bat site: Not Roost,"North shore, 3 month passive monitoring. Overnight static survey with SM2, WAC data converted to ZCA files and analysed in Analook. 226 bat file. [Unverified Record]","County, HabRegs2, HSD4, RLGB.Lr(NT), WCA5/9.4c",406700,194700
terrestrial mammal,Pipistrellus nathusii,Nathusius's Pipistrelle,SU067947,Cotswold Water Park Pit 74,30/09/2014,1+ Count ; Bat site: Not Roost,"North shore, 3 month passive monitoring. Overnight static survey with SM2, WAC data converted to ZCA files and analysed in Analook. Present but not counted. [Unverified Record]","County, HabRegs2, HSD4, RLGB.Lr(NT), WCA5/9.4c",406700,194700
terrestrial mammal,Pipistrellus nathusii,Nathusius's Pipistrelle,SU067947,Cotswold Water Park Pit 74,01/10/2014,1+ Count ; Bat site: Not Roost,"North shore, 3 month passive monitoring. Overnight static survey with SM2, WAC data converted to ZCA files and analysed in Analook. 230 bat file. [Unverified Record]","County, HabRegs2, HSD4, RLGB.Lr(NT), WCA5/9.4c",406700,194700
terrestrial mammal,Pipistrellus nathusii,Nathusius's Pipistrelle,SU067947,Cotswold Water Park Pit 74,02/10/2014,1+ Count ; Bat site: Not Roost,"North shore, 3 month passive monitoring. Overnight static survey with SM2, WAC data converted to ZCA files and analysed in Analook. 196 bat file. [Unverified Record]","County, HabRegs2, HSD4, RLGB.Lr(NT), WCA5/9.4c",406700,194700
terrestrial mammal,Pipistrellus nathusii,Nathusius's Pipistrelle,SU067947,Cotswold Water Park Pit 74,06/05/2017,1+ Count ; Bat site: Not Roost,"North shore, Static survey during trapping survey. WAV data converted to ZCA files and analysed in Analook. 2 passes [Unverified Record]","County, HabRegs2, HSD4, RLGB.Lr(NT), WCA5/9.4c",406700,194700
terrestrial mammal,Pipistrellus nathusii,Nathusius's Pipistrelle,SU067947,Cotswold Water Park Pit 74,08/10/2017,1 adult Count of Male ; Bat site: Not Roost,"North shore, trapping survey with 2x Sussex Autobat lures. [Unverified Record]","County, HabRegs2, HSD4, RLGB.Lr(NT), WCA5/9.4c",406700,194700
terrestrial mammal,Pipistrellus nathusii,Nathusius's Pipistrelle,SU0705830798,"Burcombe, Salisbury, SP2    .",12/06/2021,1+ Count ; Bat site: not roost,5 nights static detector; ID via BTO Acoustic Pipeline & manual confirmation; 2 files of total of 322 bat files overnight [Unverified Record],"County, HabRegs2, HSD4, RLGB.Lr(NT), WCA5/9.4c",407058,130798
terrestrial mammal,Pipistrellus nathusii,Nathusius's Pipistrelle,SU0705830798,"Burcombe, Salisbury, SP2    .",14/06/2021,1+ Count ; Bat site: not roost,5 nights static detector; ID via BTO Acoustic Pipeline & manual confirmation; 2 files of total of 337 bat files overnight [Unverified Record],"County, HabRegs2, HSD4, RLGB.Lr(NT), WCA5/9.4c",407058,130798
terrestrial mammal,Pipistrellus nathusii,Nathusius's Pipistrelle,SU072973,"Thames-Severn Canal, Section 2",26/07/2005,1 Count ; Bat site: Not roost,"recorded on Petersson 240X, TE, [Unverified Record]","County, HabRegs2, HSD4, RLGB.Lr(NT), WCA5/9.4c",407200,197300
terrestrial mammal,Pipistrellus nathusii,Nathusius's Pipistrelle,SU07319479,"Cotswold Water Park Pit 68a, Cleveland Reedbed",03/08/2010,1+ Count ; Bat site: Not roost,overnight Anabat survey; 17 files of a total of 1809 bat files [Unverified Record],"County, HabRegs2, HSD4, RLGB.Lr(NT), WCA5/9.4c",407310,194790
terrestrial mammal,Pipistrellus nathusii,Nathusius's Pipistrelle,SU07319479,"Cotswold Water Park Pit 68a, Cleveland Reedbed",10/09/2010,1 Count ; Bat site: Not roost,foraging and possible social calls around woodland edge [Unverified Record],"County, HabRegs2, HSD4, RLGB.Lr(NT), WCA5/9.4c",407310,194790
terrestrial mammal,Pipistrellus nathusii,Nathusius's Pipistrelle,SU0775241389,"Manor Farm, Winterbourne Stoke",20/09/2016,1+ Count ; Bat site: Not Roost,3 passes [Unverified Record],"County, HabRegs2, HSD4, RLGB.Lr(NT), WCA5/9.4c",407752,141389
terrestrial mammal,Pipistrellus nathusii,Nathusius's Pipistrelle,SU0791441908,"Manor Farm, Winterbourne Stoke",25/05/2017,1+ Count ; Bat site: Not Roost,1 pass [Unverified Record],"County, HabRegs2, HSD4, RLGB.Lr(NT), WCA5/9.4c",407914,141908
terrestrial mammal,Pipistrellus nathusii,Nathusius's Pipistrelle,SU0858840952,"Druids Lodge, Hill Farm",11/08/2016,1+ Count ; Bat site: Not Roost,1 pass [Unverified Record],"County, HabRegs2, HSD4, RLGB.Lr(NT), WCA5/9.4c",408588,140952
terrestrial mammal,Pipistrellus nathusii,Nathusius's Pipistrelle,SU0900741190,"Manor Farm, Winterbourne Stoke",20/09/2016,1+ Count ; Bat site: Not Roost,1 pass [Unverified Record],"County, HabRegs2, HSD4, RLGB.Lr(NT), WCA5/9.4c",409007,141190
terrestrial mammal,Pipistrellus nathusii,Nathusius's Pipistrelle,SU091956,Latton,29/04/2005,1 Count ; Bat site: Undetermined,"grounded bat, adult female [Unverified Record]","County, HabRegs2, HSD4, RLGB.Lr(NT), WCA5/9.4c",409100,195600
terrestrial mammal,Pipistrellus nathusii,Nathusius's Pipistrelle,SU0921840208,"Druids Lodge, The Park",26/09/2017,1+ Count ; Bat site: Not Roost,5 passes [Unverified Record],"County, HabRegs2, HSD4, RLGB.Lr(NT), WCA5/9.4c",409218,140208
terrestrial mammal,Pipistrellus nathusii,Nathusius's Pipistrelle,SU1055840904,"Stonehenge World Heritage Site, Diamond Wood",29/08/2016,1+ Count ; Bat site: Not Roost,1 pass [Unverified Record],"County, HabRegs2, HSD4, RLGB.Lr(NT), WCA5/9.4c",410558,140904
terrestrial mammal,Pipistrellus nathusii,Nathusius's Pipistrelle,SU1125941511,"Stonehenge World Heritage Site, Normanton Copse",20/09/2016,1+ Count ; Bat site: Not Roost,1 pass [Unverified Record],"County, HabRegs2, HSD4, RLGB.Lr(NT), WCA5/9.4c",411259,141511
terrestrial mammal,Pipistrellus nathusii,Nathusius's Pipistrelle,SU123291,"Netherhampston Road, Salisbury",08/09/2014,Bat site: not roost,"Comment: Quantity: 1, Method: Aural bat detector, Status: Flying over [Unverified Record]","County, HabRegs2, HSD4, RLGB.Lr(NT), WCA5/9.4c",412300,129100
terrestrial mammal,Pipistrellus nathusii,Nathusius's Pipistrelle,SU1251060499,"Cocklebury Farm, Woodborough",14/06/2021,1+ Count ; Bat site: not roost,1 week static detector: analysed using BTO Acoustic Pipeline with manual confirmation of key species; Western pastures & Oaks; 1 passes of 1216 bat passes [Unverified Record],"County, HabRegs2, HSD4, RLGB.Lr(NT), WCA5/9.4c",412510,160499
terrestrial mammal,Pipistrellus nathusii,Nathusius's Pipistrelle,SU1251060499,"Cocklebury Farm, Woodborough",16/06/2021,1+ Count ; Bat site: not roost,1 week static detector: analysed using BTO Acoustic Pipeline with manual confirmation of key species; Western pastures & Oaks; 1 passes of 1070 bat passes [Unverified Record],"County, HabRegs2, HSD4, RLGB.Lr(NT), WCA5/9.4c",412510,160499
terrestrial mammal,Pipistrellus nathusii,Nathusius's Pipistrelle,SU1251060499,"Cocklebury Farm, Woodborough",17/06/2021,1+ Count ; Bat site: not roost,1 week static detector: analysed using BTO Acoustic Pipeline with manual confirmation of key species; Western pastures & Oaks; 1 passes of 1576 bat passes [Unverified Record],"County, HabRegs2, HSD4, RLGB.Lr(NT), WCA5/9.4c",412510,160499
terrestrial mammal,Pipistrellus nathusii,Nathusius's Pipistrelle,SU1303060533,"Cocklebury Farm, Woodborough",10/06/2021,1+ Count ; Bat site: not roost,1 week static detector: analysed using BTO Acoustic Pipeline with manual confirmation of key species; Eastern pastures & wooded track; 2 passes of 220 bat passes [Unverified Record],"County, HabRegs2, HSD4, RLGB.Lr(NT), WCA5/9.4c",413030,160533
terrestrial mammal,Pipistrellus nathusii,Nathusius's Pipistrelle,SU1303060533,"Cocklebury Farm, Woodborough",11/06/2021,1+ Count ; Bat site: not roost,1 week static detector: analysed using BTO Acoustic Pipeline with manual confirmation of key species; Eastern pastures & wooded track; 5 passes of 959 bat passes [Unverified Record],"County, HabRegs2, HSD4, RLGB.Lr(NT), WCA5/9.4c",413030,160533
terrestrial mammal,Pipistrellus nathusii,Nathusius's Pipistrelle,SU1303060533,"Cocklebury Farm, Woodborough",12/06/2021,1+ Count ; Bat site: not roost,1 week static detector: analysed using BTO Acoustic Pipeline with manual confirmation of key species; Eastern pastures & wooded track; 3 passes of 1352 bat passes [Unverified Record],"County, HabRegs2, HSD4, RLGB.Lr(NT), WCA5/9.4c",413030,160533
terrestrial mammal,Pipistrellus nathusii,Nathusius's Pipistrelle,SU1303060533,"Cocklebury Farm, Woodborough",13/06/2021,1+ Count ; Bat site: not roost,1 week static detector: analysed using BTO Acoustic Pipeline with manual confirmation of key species; Eastern pastures & wooded track; 1 passes of 551 bat passes [Unverified Record],"County, HabRegs2, HSD4, RLGB.Lr(NT), WCA5/9.4c",413030,160533
terrestrial mammal,Pipistrellus nathusii,Nathusius's Pipistrelle,SU1303060533,"Cocklebury Farm, Woodborough",14/06/2021,1+ Count ; Bat site: not roost,1 week static detector: analysed using BTO Acoustic Pipeline with manual confirmation of key species; Eastern pastures & wooded track; 2 passes of 1422 bat passes [Unverified Record],"County, HabRegs2, HSD4, RLGB.Lr(NT), WCA5/9.4c",413030,160533
terrestrial mammal,Pipistrellus nathusii,Nathusius's Pipistrelle,SU1303060533,"Cocklebury Farm, Woodborough",16/06/2021,1+ Count ; Bat site: not roost,1 week static detector: analysed using BTO Acoustic Pipeline with manual confirmation of key species; Eastern pastures & wooded track; 2 passes of 340 bat passes [Unverified Record],"County, HabRegs2, HSD4, RLGB.Lr(NT), WCA5/9.4c",413030,160533
terrestrial mammal,Pipistrellus nathusii,Nathusius's Pipistrelle,SU134902,"Land at Grove Farm, Blunsdon, Swindon",01/06/2019,Bat site: not roost,"Comment: Remote bat detector, Quantity: Present, Status: Flying over [Unverified Record]","County, HabRegs2, HSD4, RLGB.Lr(NT), WCA5/9.4c",413400,190200
terrestrial mammal,Pipistrellus nathusii,Nathusius's Pipistrelle,SU134902,"Land at Grove Farm, Blunsdon, Swindon",01/08/2019,Bat site: not roost,"Comment: Remote bat detector, Quantity: Present, Status: Flying over [Unverified Record]","County, HabRegs2, HSD4, RLGB.Lr(NT), WCA5/9.4c",413400,190200
terrestrial mammal,Pipistrellus nathusii,Nathusius's Pipistrelle,SU1390229031,"Harnleigh Green, Harnham Road, Salisbury",21/08/2021,1+ Count ; Bat site: not roost,1 week static detector deployment (SM Mini-BAT); ID via BTO Acoustic Pipeline (low confidence IDs of Probability <0.60 excluded); manually checked 10-15% of files; 1 passes of 5553 bat passes [Unverified Record],"County, HabRegs2, HSD4, RLGB.Lr(NT), WCA5/9.4c",413902,129031
terrestrial mammal,Pipistrellus nathusii,Nathusius's Pipistrelle,SU1390229031,"Harnleigh Green, Harnham Road, Salisbury",23/08/2021,1+ Count ; Bat site: not roost,1 week static detector deployment (SM Mini-BAT); ID via BTO Acoustic Pipeline (low confidence IDs of Probability <0.60 excluded); manually checked 10-15% of files; 1 passes of 4220 bat passes [Unverified Record],"County, HabRegs2, HSD4, RLGB.Lr(NT), WCA5/9.4c",413902,129031
terrestrial mammal,Pipistrellus nathusii,Nathusius's Pipistrelle,SU1407841714,"Park Farm, West Amesbury",14/09/2016,1+ Count ; Bat site: Not Roost,1 pass [Unverified Record],"County, HabRegs2, HSD4, RLGB.Lr(NT), WCA5/9.4c",414078,141714
terrestrial mammal,Pipistrellus nathusii,Nathusius's Pipistrelle,SU143442,Larkhill,19/06/2014,Bat site: Not Roost,5 passes [Unverified Record],"County, HabRegs2, HSD4, RLGB.Lr(NT), WCA5/9.4c",414300,144200
terrestrial mammal,Pipistrellus nathusii,Nathusius's Pipistrelle,SU143447,Larkhill,21/05/2014,Bat site: Not Roost,1 pass [Unverified Record],"County, HabRegs2, HSD4, RLGB.Lr(NT), WCA5/9.4c",414300,144700
terrestrial mammal,Pipistrellus nathusii,Nathusius's Pipistrelle,SU1435444669,Larkhill SFA,21/05/2014,Bat site: Not roost, [Unverified Record],"County, HabRegs2, HSD4, RLGB.Lr(NT), WCA5/9.4c",414354,144669
terrestrial mammal,Pipistrellus nathusii,Nathusius's Pipistrelle,SU1439744248,Larkhill SFA,19/06/2014,1+ Count ; Bat site: Not roost, [Unverified Record],"County, HabRegs2, HSD4, RLGB.Lr(NT), WCA5/9.4c",414397,144248
terrestrial mammal,Pipistrellus nathusii,Nathusius's Pipistrelle,SU144444,Larkhill,21/05/2014,Bat site: Not Roost,2 pass [Unverified Record],"County, HabRegs2, HSD4, RLGB.Lr(NT), WCA5/9.4c",414400,144400
terrestrial mammal,Pipistrellus nathusii,Nathusius's Pipistrelle,SU144444,Larkhill,10/07/2014,Bat site: Not Roost,1 pass [Unverified Record],"County, HabRegs2, HSD4, RLGB.Lr(NT), WCA5/9.4c",414400,144400
terrestrial mammal,Pipistrellus nathusii,Nathusius's Pipistrelle,SU144444,Larkhill,19/07/2014,Bat site: Not Roost,1 pass [Unverified Record],"County, HabRegs2, HSD4, RLGB.Lr(NT), WCA5/9.4c",414400,144400
terrestrial mammal,Pipistrellus nathusii,Nathusius's Pipistrelle,SU144444,Larkhill,20/07/2014,Bat site: Not Roost,1 pass [Unverified Record],"County, HabRegs2, HSD4, RLGB.Lr(NT), WCA5/9.4c",414400,144400
terrestrial mammal,Pipistrellus nathusii,Nathusius's Pipistrelle,SU1445244459,Larkhill SFA,21/05/2014,1+ Count ; Bat site: Not roost, [Unverified Record],"County, HabRegs2, HSD4, RLGB.Lr(NT), WCA5/9.4c",414452,144459
terrestrial mammal,Pipistrellus nathusii,Nathusius's Pipistrelle,SU1445244459,Larkhill SFA,10/07/2014,1+ Count ; Bat site: Not roost, [Unverified Record],"County, HabRegs2, HSD4, RLGB.Lr(NT), WCA5/9.4c",414452,144459
terrestrial mammal,Pipistrellus nathusii,Nathusius's Pipistrelle,SU1445244459,Larkhill SFA,19/07/2014,1+ Count ; Bat site: Not roost, [Unverified Record],"County, HabRegs2, HSD4, RLGB.Lr(NT), WCA5/9.4c",414452,144459
terrestrial mammal,Pipistrellus nathusii,Nathusius's Pipistrelle,SU1445244459,Larkhill SFA,20/07/2014,1+ Count ; Bat site: Not roost, [Unverified Record],"County, HabRegs2, HSD4, RLGB.Lr(NT), WCA5/9.4c",414452,144459
terrestrial mammal,Pipistrellus nathusii,Nathusius's Pipistrelle,SU1484641675,Amesbury Abbey,06/10/2016,1+ Count ; Bat site: Not Roost,1 pass [Unverified Record],"County, HabRegs2, HSD4, RLGB.Lr(NT), WCA5/9.4c",414846,141675
terrestrial mammal,Pipistrellus nathusii,Nathusius's Pipistrelle,SU1491142021,Amesbury Abbey,01/10/2016,1+ Count ; Bat site: Not Roost,1 pass [Unverified Record],"County, HabRegs2, HSD4, RLGB.Lr(NT), WCA5/9.4c",414911,142021
terrestrial mammal,Pipistrellus nathusii,Nathusius's Pipistrelle,SU1491142021,Amesbury Abbey,04/10/2016,1+ Count ; Bat site: Not Roost,1 pass [Unverified Record],"County, HabRegs2, HSD4, RLGB.Lr(NT), WCA5/9.4c",414911,142021
terrestrial mammal,Pipistrellus nathusii,Nathusius's Pipistrelle,SU1515341735,Amesbury Abbey,10/09/2016,1+ Count ; Bat site: Not Roost,1 pass [Unverified Record],"County, HabRegs2, HSD4, RLGB.Lr(NT), WCA5/9.4c",415153,141735
terrestrial mammal,Pipistrellus nathusii,Nathusius's Pipistrelle,SU1532941862,Amesbury Abbey,12/08/2016,1+ Count ; Bat site: Not Roost,13 passes [Unverified Record],"County, HabRegs2, HSD4, RLGB.Lr(NT), WCA5/9.4c",415329,141862
terrestrial mammal,Pipistrellus nathusii,Nathusius's Pipistrelle,SU1568642636,"River Avon, Ratfyn",08/10/2016,1+ Count ; Bat site: Not Roost,1 pass [Unverified Record],"County, HabRegs2, HSD4, RLGB.Lr(NT), WCA5/9.4c",415686,142636
terrestrial mammal,Pipistrellus nathusii,Nathusius's Pipistrelle,SU1579042507,"River Avon, Ratfyn",13/05/2017,1+ Count ; Bat site: Not Roost,1 pass [Unverified Record],"County, HabRegs2, HSD4, RLGB.Lr(NT), WCA5/9.4c",415790,142507
terrestrial mammal,Pipistrellus nathusii,Nathusius's Pipistrelle,SU1815124986,Lakes at Witherington Farm,16/07/2011,1 Count ; Bat site: Not roost,ID confimed with TE detector and Batsound analysis - also verified by Gareth Harris [Unverified Record],"County, HabRegs2, HSD4, RLGB.Lr(NT), WCA5/9.4c",418151,124986
terrestrial mammal,Pipistrellus nathusii,Nathusius's Pipistrelle,SU187431,Bulford,01/06/2016,Bat site: Not roost,Result from bat survey of garrison [Unverified Record],"County, HabRegs2, HSD4, RLGB.Lr(NT), WCA5/9.4c",418700,143100
terrestrial mammal,Pipistrellus nathusii,Nathusius's Pipistrelle,SU204846,"Redlands Airfield, Swindon",29/05/2018,Bat site: Not roost,Bat recorded in flight [Unverified Record],"County, HabRegs2, HSD4, RLGB.Lr(NT), WCA5/9.4c",420400,184600
terrestrial mammal,Pipistrellus nathusii,Nathusius's Pipistrelle,SU2110353533,"SPTA - E, Everleigh",16/07/2021,1+ Count ; Bat site: not roost,1 week static detector; ID via BTO Acoustic Pipeline & manual confirmation; 1 files of total of 25 bat files [Unverified Record],"County, HabRegs2, HSD4, RLGB.Lr(NT), WCA5/9.4c",421103,153533
terrestrial mammal,Pipistrellus nathusii,Nathusius's Pipistrelle,SU2110353533,"SPTA - E, Everleigh",18/07/2021,1+ Count ; Bat site: not roost,1 week static detector; ID via BTO Acoustic Pipeline & manual confirmation; 1 files of total of 64 bat files [Unverified Record],"County, HabRegs2, HSD4, RLGB.Lr(NT), WCA5/9.4c",421103,153533
